{"BTC": 0.5499999999999996, "LTC": 47.773878538732596, "DMT": 0.0, "RVN": 0.0, "PROM": 0.0}