{"BTC": 0.4999999999999996, "LTC": 53.13178681134297, "DMT": 0.0, "RVN": 0.0, "PROM": 0.0}